Iteration;Dist_previous;Curv_abscissa;Cart_abscissa;Cart_ordinate;Elevation;Curvature;Vel_perturb;Velocity;Mean_depth;True_elevation
1785;0,00;0,00;723119.08;6815331.35;0;0;0;0;1;0
1785;34.2298948288888;34.2298948288888;723114.79;6815365.31;0;0;0;0;1;0
1785;54.2463169261459;88.4762117550347;723119.74;6815419.33;0;0;0;0;1;0
1785;41.5408774580124;130.017089213047;723126.36;6815460.34;0;0;0;0;1;0
1785;53.9861880484981;184.003277261545;723132.97;6815513.92;0;0;0;0;1;0
1785;49.8255857971917;233.828863058737;723128.34;6815563.53;0;0;0;0;1;0
1785;34.9780002282507;268.806863286988;723119.08;6815597.26;0;0;0;0;1;0
1785;34.506684860022;303.313548147009;723111.8;6815630.99;0;0;0;0;1;0
1785;47.9239699940292;351.237518141039;723117.1;6815678.62;0;0;0;0;1;0
1785;31.5368387761223;382.774356917161;723122.39;6815709.71;0;0;0;0;1;0
1785;24.3756948616007;407.150051778762;723127.03;6815733.64;0;0;0;0;1;0
1785;26.6751363637421;433.825188142504;723136.28;6815758.66;0;0;0;0;1;0
1785;36.4845090416479;470.309697184152;723161.41;6815785.11;0;0;0;0;1;0
1785;36.6941521225614;507.003849306713;723194.49;6815800.99;0;0;0;0;1;0
1785;49.0867853908066;556.09063469752;723242.11;6815812.9;0;0;0;0;1;0
1785;40.6952896536997;596.785924351219;723282.46;6815818.19;0;0;0;0;1;0
1785;71.4430486472186;668.228972998438;723353.9;6815817.53;0;0;0;0;1;0
1785;43.695338424172;711.92431142261;723397.55;6815815.54;0;0;0;0;1;0
1785;63.5311742375418;775.455485660152;723461.05;6815817.53;0;0;0;0;1;0
1785;43.9805138667563;819.435999526908;723503.39;6815829.43;0;0;0;0;1;0
1785;61.8573229297494;881.293322456657;723559.61;6815855.23;0;0;0;0;1;0
1785;64.880358352846;946.173680809503;723619.14;6815881.03;0;0;0;0;1;0
1785;31.8793867568703;978.053067566374;723643.86;6815901.16;0;0;0;0;1;0
1785;31.0221291985796;1009.07519676495;723664.6;6815924.23;0;0;0;0;1;0
1785;21.4049340105278;1030.48013077548;723674.76;6815943.07;0;0;0;0;1;0
1785;27.0074748907324;1057.48760566621;723684.5;6815968.26;0;0;0;0;1;0
1785;30.9219468985375;1088.40955256475;723694.02;6815997.68;0;0;0;0;1;0
1785;36.5248956194016;1124.93444818415;723708.2;6816031.34;0;0;0;0;1;0
1785;22.3554199247817;1147.28986810893;723717.52;6816051.66;0;0;0;0;1;0
1785;27.0373981738654;1174.3272662828;723731.27;6816074.94;0;0;0;0;1;0
1785;17.622647360543;1191.94991364334;723742.28;6816088.7;0;0;0;0;1;0
1785;19.3323614695201;1211.28227511286;723755.19;6816103.09;0;0;0;0;1;0
1785;24.6065946448292;1235.88886975769;723769.37;6816123.2;0;0;0;0;1;0
1785;23.8391023322906;1259.72797208998;723785.25;6816140.98;0;0;0;0;1;0
1785;19.0218032792255;1278.74977536921;723798.16;6816154.95;0;0;0;0;1;0
1785;10.3318972121067;1289.08167258131;723805.36;6816162.36;0;0;0;0;1;0
1785;18.9368318361459;1308.01850441746;723817.42;6816176.96;0;0;0;0;1;0
1785;19.7883400009165;1327.80684441838;723833.72;6816188.18;0;0;0;0;1;0
1785;33.0341217533188;1360.8409661717;723862.08;6816205.12;0;0;0;0;1;0
1785;36.4139341460796;1397.25490031778;723895.53;6816219.51;0;0;0;0;1;0
1785;31.9295865930669;1429.18448691084;723925.8;6816229.67;0;0;0;0;1;0
1785;41.802978362674;1470.98746527352;723966.01;6816241.1;0;0;0;0;1;0
1785;35.2959048616855;1506.2833701352;724000.73;6816247.45;0;0;0;0;1;0
1785;41.9868991472688;1548.27026928247;724042.64;6816249.99;0;0;0;0;1;0
1785;37.2505919416052;1585.52086122408;724079.89;6816249.78;0;0;0;0;1;0
1785;39.7905541555147;1625.31141537959;724119.68;6816249.57;0;0;0;0;1;0
1785;26.7533362404301;1652.06475162002;724146.35;6816251.68;0;0;0;0;1;0
1785;18.6774409384333;1670.74219255845;724164.13;6816257.4;0;0;0;0;1;0
1785;14.9052239162213;1685.64741647468;724175.77;6816266.71;0;0;0;0;1;0
1785;19.9745463029054;1705.62196277758;724184.45;6816284.7;0;0;0;0;1;0
1785;23.2107733600577;1728.83273613764;724180.43;6816307.56;0;0;0;0;1;0
1785;21.5681431753767;1750.40087931302;724169.21;6816325.98;0;0;0;0;1;0
1785;40.0334072989738;1790.43428661199;724147.2;6816359.42;0;0;0;0;1;0
1785;37.163343498697;1827.59763011069;724123.7;6816388.21;0;0;0;0;1;0
1785;30.7255675295298;1858.32319764022;724103.17;6816411.07;0;0;0;0;1;0
1785;24.2105968532427;1882.53379449346;724088.78;6816430.54;0;0;0;0;1;0
1785;28.5917977750899;1911.12559226855;724068.88;6816451.07;0;0;0;0;1;0
1785;24.2541398526;1935.37973212115;724051.31;6816467.79;0;0;0;0;1;0
1785;21.0274511057386;1956.40718322689;724032.9;6816477.95;0;0;0;0;1;0
1785;34.9613400773612;1991.36852330425;723997.97;6816476.47;0;0;0;0;1;0
1785;58.3698766488009;2049.73839995305;723939.77;6816480.92;0;0;0;0;1;0
1785;50.2180734397036;2099.95647339275;723890.87;6816492.35;0;0;0;0;1;0
1785;28.9526406396354;2128.90911403239;723862.72;6816499.12;0;0;0;0;1;0
1785;27.9880206515533;2156.89713468394;723838.59;6816513.3;0;0;0;0;1;0
1785;35.4464060239337;2192.34354070788;723811.5;6816536.16;0;0;0;0;1;0
1785;21.3725992805962;2213.71613998847;723799.64;6816553.94;0;0;0;0;1;0
1785;20.4527015324179;2234.16884152089;723789.91;6816571.93;0;0;0;0;1;0
1785;30.4103617211798;2264.57920324207;723783.56;6816601.67;0;0;0;0;1;0
1785;27.7915166915115;2292.37071993358;723782.76;6816629.45;0;0;0;0;1;0
1785;25.631886391197;2318.00260632478;723786.2;6816654.85;0;0;0;0;1;0
1785;28.9736777093338;2346.97628403411;723790.96;6816683.43;0;0;0;0;1;0
1785;31.4742053117944;2378.45048934591;723799.96;6816713.59;0;0;0;0;1;0
1785;19.9473933138749;2398.39788265978;723807.37;6816732.11;0;0;0;0;1;0
1785;28.5053486205719;2426.90323128035;723822.19;6816756.46;0;0;0;0;1;0
1785;27.2941184140878;2454.19734969444;723837.27;6816779.21;0;0;0;0;1;0
1785;31.1302361057348;2485.32758580017;723853.67;6816805.67;0;0;0;0;1;0
1785;28.1046988956046;2513.43228469578;723872.46;6816826.57;0;0;0;0;1;0
1785;21.9240165114731;2535.35630120725;723888.86;6816841.12;0;0;0;0;1;0
1785;20.2333314112018;2555.58963261845;723906.85;6816850.38;0;0;0;0;1;0
1785;32.9518254426562;2588.54145806111;723939.13;6816857;0;0;0;0;1;0
1785;33.6092859191994;2622.15074398031;723972.73;6816857.79;0;0;0;0;1;0
1785;34.7611579209357;2656.91190190125;724007.39;6816860.44;0;0;0;0;1;0
1785;22.8843396233207;2679.79624152457;724029.88;6816864.67;0;0;0;0;1;0
1785;19.6944357623881;2699.49067728695;724049.46;6816866.79;0;0;0;0;1;0
1785;18.1690340964309;2717.65971138339;724067.19;6816870.76;0;0;0;0;1;0
1785;17.3295960715509;2734.98930745494;724084.12;6816874.46;0;0;0;0;1;0
1785;14.569643097959;2749.55895055289;724098.68;6816873.93;0;0;0;0;1;0
1785;16.4240616169008;2765.9830121698;724114.55;6816869.7;0;0;0;0;1;0
1785;13.0758173739044;2779.0588295437;724122.22;6816859.11;0;0;0;0;1;0
1785;12.4373992458392;2791.49622878954;724133.07;6816853.03;0;0;0;0;1;0
1785;21.1766333490728;2812.67286213861;724154.24;6816853.56;0;0;0;0;1;0
1785;33.4488460190957;2846.12170815771;724187.31;6816858.58;0;0;0;0;1;0
1785;32.9281460150607;2879.04985417277;724219.33;6816866.26;0;0;0;0;1;0
1785;29.388041786;2908.43789595877;724240.76;6816886.37;0;0;0;0;1;0
1785;32.1817339494348;2940.6196299082;724255.04;6816915.21;0;0;0;0;1;0
1785;23.8158980511001;2964.4355279593;724255.57;6816939.02;0;0;0;0;1;0
1785;22.4814278908632;2986.91695585017;724245.52;6816959.13;0;0;0;0;1;0
1785;30.5602748682554;3017.47723071842;724222.5;6816979.23;0;0;0;0;1;0
1785;44.7384946102503;3062.21572532867;724182.02;6816998.28;0;0;0;0;1;0
1785;51.6621641047376;3113.87788943341;724134.66;6817018.92;0;0;0;0;1;0
1785;65.6369659569139;3179.51485539032;724071.69;6817037.44;0;0;0;0;1;0
1785;66.5762697960774;3246.0911251864;724010.83;6817064.43;0;0;0;0;1;0
1785;38.7621684122629;3284.85329359866;723978.02;6817085.07;0;0;0;0;1;0
1785;27.305407889323;3312.15870148799;723955.8;6817100.94;0;0;0;0;1;0
1785;37.4259001225661;3349.58460161055;723935.16;6817132.16;0;0;0;0;1;0
1785;58.0937896855152;3407.67839129607;723906.06;6817182.44;0;0;0;0;1;0
1785;59.9521225644685;3467.63051386054;723884.89;6817238.53;0;0;0;0;1;0
1785;56.5980017308536;3524.22851559139;723871.66;6817293.56;0;0;0;0;1;0
1785;23.767559824266;3547.99607541566;723864.78;6817316.31;0;0;0;0;1;0
1785;28.3143020404842;3576.31037745614;723868.92;6817344.32;0;0;0;0;1;0
1785;60.3732871393756;3636.68366459551;723869.55;6817404.69;0;0;0;0;1;0
1785;76.2457185675754;3712.92938316309;723872.19;6817480.89;0;0;0;0;1;0
1785;86.3297550095017;3799.25913817259;723875.9;6817567.14;0;0;0;0;1;0
1785;46.644769267602;3845.90390744019;723878.54;6817613.71;0;0;0;0;1;0
1785;46.5720645877087;3892.4759720279;723879.6;6817660.27;0;0;0;0;1;0
1785;16.7379359547832;3909.21390798269;723884.89;6817676.15;0;0;0;0;1;0
1785;61.9881020841413;3971.20201006683;723917.17;6817729.07;0;0;0;0;1;0
1785;50.821488565064;4022.02349863189;723943.63;6817772.46;0;0;0;0;1;0
1785;54.7197194799894;4076.74321811188;723976.97;6817815.85;0;0;0;0;1;0
1785;29.7480890145777;4106.49130712646;724000.25;6817834.37;0;0;0;0;1;0
1785;36.0017846781587;4142.49309180462;724033.06;6817849.19;0;0;0;0;1;0
1785;39.0133643767386;4181.50645618135;724069.57;6817862.94;0;0;0;0;1;0
1785;58.2217905941103;4239.72824677546;724126.72;6817874.06;0;0;0;0;1;0
1785;26.5071311160681;4266.23537789153;724153.18;6817875.64;0;0;0;0;1;0
1785;41.3549924434028;4307.59037033494;724194.45;6817878.29;0;0;0;0;1;0
1785;36.3034116853665;4343.8937820203;724230.44;6817873.53;0;0;0;0;1;0
1785;46.9749901544931;4390.8687721748;724275.95;6817861.89;0;0;0;0;1;0
1785;39.1811089685755;4430.04988114337;724313.52;6817850.77;0;0;0;0;1;0
1785;9.53252327505718;4439.58240441843;724321.45;6817845.48;0;0;0;0;1;0
1785;43.6540696845866;4483.23647410302;724343.68;6817807.91;0;0;0;0;1;0
1785;21.1640000942337;4504.40047419725;724356.38;6817790.98;0;0;0;0;1;0
1785;41.2216751239706;4545.62214932122;724383.9;6817760.29;0;0;0;0;1;0
1785;19.6474171328122;4565.26956645403;724392.89;6817742.82;0;0;0;0;1;0
1785;17.2320660401652;4582.5016324942;724398.18;6817726.42;0;0;0;0;1;0
1785;21.820930319604;4604.3225628138;724406.65;6817706.31;0;0;0;0;1;0
1785;26.5897818714801;4630.91234468528;724426.23;6817688.32;0;0;0;0;1;0
1785;18.7930013572905;4649.70534604257;724442.11;6817678.27;0;0;0;0;1;0
1785;31.7004684507254;4681.4058144933;724472.8;6817670.33;0;0;0;0;1;0
1785;43.9327895767451;4725.33860407004;724516.72;6817669.27;0;0;0;0;1;0
1785;68.635158628832;4793.97376269887;724584.45;6817680.38;0;0;0;0;1;0
1785;51.7865194815719;4845.76028218044;724635.25;6817690.44;0;0;0;0;1;0
1785;51.2637727835476;4897.02405496399;724686.05;6817697.32;0;0;0;0;1;0
1785;61.4618035856425;4958.48585854963;724747.43;6817700.49;0;0;0;0;1;0
1785;21.2758854104199;4979.76174396005;724768.6;6817698.37;0;0;0;0;1;0
1785;19.9436807035763;4999.70542466363;724787.12;6817690.97;0;0;0;0;1;0
1785;21.6999999999534;5021.40542466358;724808.82;6817690.97;0;0;0;0;1;0
1785;30.2337179321925;5051.63914259578;724838.98;6817693.08;0;0;0;0;1;0
1785;25.9300000000512;5077.56914259583;724864.91;6817693.08;0;0;0;0;1;0
1785;39.3342725876883;5116.90341518352;724903.54;6817685.67;0;0;0;0;1;0
1785;43.5474695017126;5160.45088468523;724946.93;6817681.97;0;0;0;0;1;0
1785;50.3397993637957;5210.79068404902;724997.2;6817679.32;0;0;0;0;1;0
1785;22.0148608899251;5232.80554493895;725018.9;6817683.03;0;0;0;0;1;0
1785;47.2632838468949;5280.06882878584;725062.82;6817700.49;0;0;0;0;1;0
1785;49.0952726849731;5329.16410147082;725105.15;6817725.36;0;0;0;0;1;0
1785;28.0589682628344;5357.22306973365;725127.91;6817741.77;0;0;0;0;1;0
1785;46.0563567818923;5403.27942651554;725159.13;6817775.63;0;0;0;0;1;0
1785;90.0671060931461;5493.34653260869;725212.57;6817848.13;0;0;0;0;1;0
1785;92.9480973449511;5586.29462995364;725274.49;6817917.45;0;0;0;0;1;0
1785;53.059774782914;5639.35440473656;725313.78;6817953.11;0;0;0;0;1;0
1785;81.9001251522504;5721.25452988881;725379.79;6818001.59;0;0;0;0;1;0
1785;52.7842722787806;5774.03880216759;725427.42;6818024.34;0;0;0;0;1;0
1785;48.1971472184083;5822.235949386;725473.45;6818038.63;0;0;0;0;1;0
1785;40.8051087487887;5863.04105813478;725514.2;6818040.75;0;0;0;0;1;0
1785;24.3918777465698;5887.43293588135;725538.54;6818039.16;0;0;0;0;1;0
1785;27.7269291485118;5915.15986502987;725565.53;6818032.81;0;0;0;0;1;0
1785;45.2311618245231;5960.39102685439;725610.51;6818028.05;0;0;0;0;1;0
1785;89.079630106893;6049.47065696128;725697.29;6818007.94;0;0;0;0;1;0
1785;73.7034307206058;6123.17408768189;725766.08;6817981.48;0;0;0;0;1;0
1785;67.2365674317373;6190.41065511362;725826.94;6817952.9;0;0;0;0;1;0
1785;51.430428736563;6241.84108385019;725868.21;6817922.21;0;0;0;0;1;0
1785;35.9210244845565;6277.76210833474;725893.61;6817896.81;0;0;0;0;1;0
1785;57.0917375807373;6334.85384591548;725925.89;6817849.72;0;0;0;0;1;0
1785;43.5129406032837;6378.36678651877;725939.65;6817808.44;0;0;0;0;1;0
1785;24.5109873327094;6402.87777385147;725945.47;6817784.63;0;0;0;0;1;0
1785;41.8234348178818;6444.70120866936;725944.41;6817742.82;0;0;0;0;1;0
1785;30.9638014460952;6475.66501011545;725935.42;6817713.19;0;0;0;0;1;0
1785;42.3360000473445;6518.0010101628;725910.02;6817679.32;0;0;0;0;1;0
1785;63.0224547287744;6581.02346489157;725862.39;6817638.05;0;0;0;0;1;0
1785;46.4064004207896;6627.42986531236;725829.05;6817605.77;0;0;0;0;1;0
1785;60.7086525955607;6688.13851790792;725776.67;6817575.08;0;0;0;0;1;0
1785;25.4635504202204;6713.60206832814;725752.85;6817566.08;0;0;0;0;1;0
1785;79.901896097615;6793.50396442576;725674.54;6817550.21;0;0;0;0;1;0
1785;74.3146775542771;6867.81864198003;725602.57;6817531.69;0;0;0;0;1;0
1785;70.298290164259;6938.11693214429;725535.37;6817511.05;0;0;0;0;1;0
1785;44.4221397504352;6982.53907189473;725494.09;6817494.64;0;0;0;0;1;0
1785;33.8803364795115;7016.41940837424;725467.63;6817473.48;0;0;0;0;1;0
1785;28.3321019342582;7044.7515103085;725452.29;6817449.66;0;0;0;0;1;0
1785;29.2671727370139;7074.01868304551;725445.94;6817421.09;0;0;0;0;1;0
1785;46.027106143877;7120.04578918939;725452.82;6817375.58;0;0;0;0;1;0
1785;53.7336477448813;7173.77943693427;725475.57;6817326.9;0;0;0;0;1;0
1785;23.2120507494965;7196.99148768377;725485.09;6817305.73;0;0;0;0;1;0
1785;36.3401981290824;7233.33168581285;725495.15;6817270.81;0;0;0;0;1;0
1785;22.7786303356188;7256.11031614847;725506.79;6817251.23;0;0;0;0;1;0
1785;36.9435731898102;7293.05388933828;725535.89;6817228.47;0;0;0;0;1;0
1785;33.0401891640284;7326.09407850231;725563.94;6817211.01;0;0;0;0;1;0
1785;32.08732615859;7358.1814046609;725595.16;6817203.6;0;0;0;0;1;0
1785;33.4663846269892;7391.64778928789;725626.91;6817193.02;0;0;0;0;1;0
1785;35.3044416468144;7426.9522309347;725661.31;6817185.08;0;0;0;0;1;0
1785;49.9195402622558;7476.87177119696;725711.05;6817189.31;0;0;0;0;1;0
1785;60.7125201257209;7537.58429132268;725769.79;6817204.66;0;0;0;0;1;0
1785;71.1606611828284;7608.74495250551;725838.05;6817224.77;0;0;0;0;1;0
1785;80.0525858421822;7688.79753834769;725911.07;6817257.58;0;0;0;0;1;0
1785;41.4377460777523;7730.23528442544;725947.59;6817277.16;0;0;0;0;1;0
1785;46.948759302112;7777.18404372756;725983.57;6817307.32;0;0;0;0;1;0
1785;31.256724076226;7808.44076780378;725998.39;6817334.84;0;0;0;0;1;0
1785;72.5072168824061;7880.94798468619;725999.97;6817407.33;0;0;0;0;1;0
1785;27.7676142290808;7908.71559891527;725996.27;6817434.85;0;0;0;0;1;0
1785;66.2303993649074;7974.94599828018;725979.34;6817498.88;0;0;0;0;1;0
1785;43.1206226762061;8018.06662095638;725968.75;6817540.68;0;0;0;0;1;0
1785;34.5011536042739;8052.56777456066;725966.11;6817575.08;0;0;0;0;1;0
1785;71.2967502762154;8123.86452483687;725980.4;6817644.93;0;0;0;0;1;0
1785;54.0499195189543;8177.91444435583;725997.33;6817696.26;0;0;0;0;1;0
1785;34.6355496566742;8212.5499940125;726016.91;6817724.83;0;0;0;0;1;0
1785;40.2198085525671;8252.76980256507;726038.6;6817758.7;0;0;0;0;1;0
1785;48.1843729849724;8300.95417555004;726068.77;6817796.27;0;0;0;0;1;0
1785;46.0320692560872;8346.98624480613;726102.1;6817828.02;0;0;0;0;1;0
1785;74.9640153677069;8421.95026017383;726166.66;6817866.12;0;0;0;0;1;0
1785;56.1343789491726;8478.08463912301;726215.88;6817893.11;0;0;0;0;1;0
1785;56.0958652662842;8534.18050438929;726261.38;6817925.92;0;0;0;0;1;0
1785;32.3073319849506;8566.48783637424;726278.32;6817953.43;0;0;0;0;1;0
1785;38.5884036991038;8605.07624007335;726294.72;6817988.36;0;0;0;0;1;0
1785;23.6912853171352;8628.76752539048;726304.25;6818010.05;0;0;0;0;1;0
1785;47.5307079690087;8676.29823335949;726338.64;6818042.86;0;0;0;0;1;0
1785;66.1499999997206;8742.44823335921;726391.56;6818082.55;0;0;0;0;1;0
1785;45.2142289553519;8787.66246231456;726428.6;6818108.48;0;0;0;0;1;0
1785;59.6737546997445;8847.33621701431;726480.99;6818137.05;0;0;0;0;1;0
1785;39.0168899323681;8886.35310694668;726517.5;6818150.81;0;0;0;0;1;0
1785;43.0692140629557;8929.42232100963;726560.36;6818155.05;0;0;0;0;1;0
1785;59.2055377477573;8988.62785875739;726619.1;6818147.64;0;0;0;0;1;0
1785;33.6794967301111;9022.3073554875;726652.44;6818142.87;0;0;0;0;1;0
1785;36.1095472140885;9058.41690270159;726687.89;6818136;0;0;0;0;1;0
1785;48.2974792299863;9106.71438193158;726727.58;6818108.48;0;0;0;0;1;0
1785;35.9210244845565;9142.63540641613;726752.98;6818083.08;0;0;0;0;1;0
1839;0,00;0,00;723106.67;6815322.51;0;0;0;0;1;0
1839;55.8808849250603;55.8808849250603;723090.8;6815376.09;0;0;0;0;1;0
1839;52.5606326063607;108.441517531421;723077.31;6815426.89;0;0;0;0;1;0
1839;50.7679790820224;159.209496613443;723068.57;6815476.9;0;0;0;0;1;0
1839;31.9078579663306;191.117354579774;723065.4;6815508.65;0;0;0;0;1;0
1839;31.4402115129123;222.557566092686;723067.78;6815540;0;0;0;0;1;0
1839;30.7678159766758;253.325382069362;723071.35;6815570.56;0;0;0;0;1;0
1839;32.827093992607;286.152476061969;723079.69;6815602.31;0;0;0;0;1;0
1839;45.0856695643196;331.238145626289;723092.39;6815645.57;0;0;0;0;1;0
1839;32.3373994003168;363.575545026606;723100.32;6815676.92;0;0;0;0;1;0
1839;51.80009749004;415.375642516645;723113.82;6815726.93;0;0;0;0;1;0
1839;35.2288205876109;450.604463104256;723122.55;6815761.06;0;0;0;0;1;0
1839;25.9815511472238;476.58601425148;723130.88;6815785.67;0;0;0;0;1;0
1839;25.9096159753573;502.495630226837;723142.79;6815808.68;0;0;0;0;1;0
1839;32.0830251068247;534.578655333662;723163.61;6815833.09;0;0;0;0;1;0
1839;25.8301606653021;560.408815998964;723180.15;6815852.93;0;0;0;0;1;0
1839;18.8029412593221;579.211757258286;723194.7;6815864.84;0;0;0;0;1;0
1839;18.6920972609075;597.903854519194;723210.66;6815874.57;0;0;0;0;1;0
1839;22.04247036952;619.946324888714;723230.9;6815883.3;0;0;0;0;1;0
1839;17.4599999999627;637.406324888676;723248.36;6815883.3;0;0;0;0;1;0
1839;13.8096669040338;651.21599179271;723261.46;6815878.93;0;0;0;0;1;0
1839;12.3516517114577;663.567643504168;723270.58;6815870.6;0;0;0;0;1;0
1839;15.4629104634465;679.030553967614;723284.08;6815863.06;0;0;0;0;1;0
1839;22.2612937628991;701.291847730513;723304.72;6815854.72;0;0;0;0;1;0
1839;17.0796750552535;718.371522785767;723319.4;6815845.99;0;0;0;0;1;0
1839;18.8262715375286;737.197794323296;723336.47;6815838.05;0;0;0;0;1;0
1839;14.025605156433;751.223399479728;723348.77;6815831.31;0;0;0;0;1;0
1839;18.3911745137037;769.614573993432;723364.25;6815821.38;0;0;0;0;1;0
1839;14.6985747608719;784.313148754304;723378.09;6815816.43;0;0;0;0;1;0
1839;25.8392143844028;810.152363138707;723403.92;6815815.74;0;0;0;0;1;0
1839;30.778466498455;840.930829637162;723434.1;6815821.78;0;0;0;0;1;0
1839;25.8743309092582;866.80516054642;723458.31;6815830.91;0;0;0;0;1;0
1839;44.9102761069862;911.715436653406;723498.79;6815850.36;0;0;0;0;1;0
1839;34.5783082292892;946.293744882695;723528.16;6815868.61;0;0;0;0;1;0
1839;38.9265680476151;985.22031293031;723558.32;6815893.22;0;0;0;0;1;0
1839;35.3953697540795;1020.61568268439;723584.51;6815917.03;0;0;0;0;1;0
1839;30.3188142908792;1050.93449697527;723605.55;6815938.86;0;0;0;0;1;0
1839;17.6980224880641;1068.63251946333;723617.45;6815951.96;0;0;0;0;1;0
1839;19.2669483836207;1087.89946784695;723627.77;6815968.23;0;0;0;0;1;0
1839;16.2891681795293;1104.18863602648;723636.9;6815981.72;0;0;0;0;1;0
1839;17.4246750328929;1121.61331105938;723645.63;6815996.8;0;0;0;0;1;0
1839;15.0934588481236;1136.7067699075;723652.38;6816010.3;0;0;0;0;1;0
1839;18.3208651542228;1155.02763506172;723657.93;6816027.76;0;0;0;0;1;0
1839;21.0890516617688;1176.11668672349;723665.08;6816047.6;0;0;0;0;1;0
1839;19.8955095442108;1196.0121962677;723674.6;6816065.07;0;0;0;0;1;0
1839;20.2435298300282;1216.25572609773;723684.13;6816082.93;0;0;0;0;1;0
1839;15.7515840475747;1232.00731014531;723694.45;6816094.83;0;0;0;0;1;0
1839;16.4321757534135;1248.43948589872;723704.37;6816107.93;0;0;0;0;1;0
1839;14.5339946333708;1262.97348053209;723712.7;6816119.84;0;0;0;0;1;0
1839;21.5093839990883;1284.48286453118;723725.8;6816136.9;0;0;0;0;1;0
1839;23.0887353480228;1307.5715998792;723736.91;6816157.14;0;0;0;0;1;0
1839;19.7153848555149;1327.28698473472;723749.61;6816172.22;0;0;0;0;1;0
1839;23.3143582369036;1350.60134297162;723766.68;6816188.1;0;0;0;0;1;0
1839;22.4590872481604;1373.06043021978;723784.93;6816201.19;0;0;0;0;1;0
1839;19.5294982013193;1392.5899284211;723803.76;6816206.37;0;0;0;0;1;0
1839;25.2683141502651;1417.85824257136;723827.57;6816214.83;0;0;0;0;1;0
1839;18.0910502734728;1435.94929284484;723844.51;6816221.18;0;0;0;0;1;0
1839;18.9991578761424;1454.94845072098;723863.03;6816225.42;0;0;0;0;1;0
1839;20.1463470633255;1475.0947977843;723881.55;6816233.35;0;0;0;0;1;0
1839;14.4535566558192;1489.54835444012;723894.78;6816239.17;0;0;0;0;1;0
1839;17.7472251351248;1507.29557957525;723912.24;6816242.35;0;0;0;0;1;0
1839;15.7417470441132;1523.03732661936;723927.59;6816245.84;0;0;0;0;1;0
1839;15.8937094474621;1538.93103606682;723943.47;6816245.18;0;0;0;0;1;0
1839;16.6580911272271;1555.58912719405;723960.01;6816247.16;0;0;0;0;1;0
1839;21.1600000000326;1576.74912719408;723981.17;6816247.16;0;0;0;0;1;0
1839;12.9984999132977;1589.74762710738;723993.74;6816250.47;0;0;0;0;1;0
1839;12.5873150434013;1602.33494215078;724006.31;6816251.13;0;0;0;0;1;0
1839;10.9068281363626;1613.24177028715;724016.89;6816248.48;0;0;0;0;1;0
1839;10.6363762626059;1623.87814654975;724027.51;6816249.07;0;0;0;0;1;0
1839;13.0945637577343;1636.97271030749;724039.77;6816244.47;0;0;0;0;1;0
1839;13.9223561224647;1650.89506642995;724053.53;6816242.35;0;0;0;0;1;0
1839;12.066565377042;1662.96163180699;724065.17;6816239.17;0;0;0;0;1;0
1839;17.992943061087;1680.95457486808;724081.05;6816230.71;0;0;0;0;1;0
1839;17.9761453041995;1698.93072017228;724094.28;6816218.54;0;0;0;0;1;0
1839;25.1155350332306;1724.04625520551;724117.43;6816208.8;0;0;0;0;1;0
1839;16.0979501801719;1740.14420538568;724133.31;6816211.44;0;0;0;0;1;0
1839;29.8475208350603;1769.99172622074;724162.54;6816217.48;0;0;0;0;1;0
1839;34.2958554341227;1804.28758165486;724183.7;6816244.47;0;0;0;0;1;0
1839;44.0322086664164;1848.31979032128;724199.05;6816285.74;0;0;0;0;1;0
1839;48.8634352043715;1897.18322552565;724194.82;6816334.42;0;0;0;0;1;0
1839;46.8126318423025;1943.99585736795;724186.35;6816380.46;0;0;0;0;1;0
1839;33.4201885097116;1977.41604587767;724173.12;6816411.15;0;0;0;0;1;0
1839;46.5514468088729;2023.96749268654;724142.96;6816446.61;0;0;0;0;1;0
1839;42.9537018195087;2066.92119450605;724103.9;6816464.48;0;0;0;0;1;0
1839;31.8566319625567;2098.7778264686;724072.05;6816465.13;0;0;0;0;1;0
1839;36.5446056210791;2135.32243208968;724035.54;6816466.72;0;0;0;0;1;0
1839;48.7356973891552;2184.05812947884;723986.85;6816468.83;0;0;0;0;1;0
1839;29.8968091942167;2213.95493867306;723957.49;6816463.19;0;0;0;0;1;0
1839;24.6957992381435;2238.6507379112;723934.34;6816454.59;0;0;0;0;1;0
1839;25.6895698679154;2264.34030777911;723909.6;6816447.67;0;0;0;0;1;0
1839;30.0721748465104;2294.41248262562;723883.14;6816433.38;0;0;0;0;1;0
1839;29.393021280428;2323.80550390605;723856.15;6816421.74;0;0;0;0;1;0
1839;25.9516569798883;2349.75716088594;723830.22;6816422.8;0;0;0;0;1;0
1839;23.6004004203337;2373.35756130627;723807.87;6816430.38;0;0;0;0;1;0
1839;6.31921672368857;2379.67677802996;723801.77;6816432.03;0;0;0;0;1;0
1839;14.7007822918486;2394.37756032181;723793.18;6816443.96;0;0;0;0;1;0
1839;11.2538437876161;2405.63140410943;723785.77;6816452.43;0;0;0;0;1;0
1839;15.3782996464112;2421.00970375584;723775.72;6816464.07;0;0;0;0;1;0
1839;16.6115923379004;2437.62129609374;723767.25;6816478.36;0;0;0;0;1;0
1839;19.2606983252061;2456.88199441894;723760.37;6816496.35;0;0;0;0;1;0
1839;25.0261463281402;2481.90814074709;723754.55;6816520.69;0;0;0;0;1;0
1839;26.4641077685407;2508.37224851563;723749.26;6816546.62;0;0;0;0;1;0
1839;29.1434057717731;2537.5156542874;723750.85;6816575.72;0;0;0;0;1;0
1839;23.5047442020117;2561.02039848941;723754.02;6816599.01;0;0;0;0;1;0
1839;24.8010725573076;2585.82147104672;723758.78;6816623.35;0;0;0;0;1;0
1839;26.2727577540898;2612.09422880081;723767.25;6816648.22;0;0;0;0;1;0
1839;24.2753537566851;2636.36958255749;723774.13;6816671.5;0;0;0;0;1;0
1839;31.0089422582658;2667.37852481576;723788.42;6816699.02;0;0;0;0;1;0
1839;38.1320154207722;2705.51054023653;723807.37;6816732.11;0;0;0;0;1;0
1839;14.8675115598;2720.37805179633;723815.1;6816744.81;0;0;0;0;1;0
1839;32.2256435159912;2752.60369531232;723832.46;6816771.96;0;0;0;0;1;0
1839;23.1796829141533;2775.78337822648;723849.27;6816787.92;0;0;0;0;1;0
1839;22.7601252196142;2798.54350344609;723867.79;6816801.15;0;0;0;0;1;0
1839;15.6283620379316;2814.17186548402;723881.55;6816808.56;0;0;0;0;1;0
1839;24.1417977789467;2838.31366326297;723903.25;6816819.14;0;0;0;0;1;0
1839;15.3417241536459;2853.65538741661;723913.83;6816830.25;0;0;0;0;1;0
1839;13.9509748760221;2867.60636229264;723921.64;6816841.81;0;0;0;0;1;0
1839;15.316321360006;2882.92268365264;723935;6816849.3;0;0;0;0;1;0
1839;16.4342203953175;2899.35690404796;723951.4;6816850.36;0;0;0;0;1;0
1839;25.9787028158864;2925.33560686385;723977.33;6816851.95;0;0;0;0;1;0
1839;20.6468036267325;2945.98241049058;723997.97;6816851.42;0;0;0;0;1;0
1839;22.3209049995566;2968.30331549013;724020.19;6816849.3;0;0;0;0;1;0
1839;29.1493979354272;2997.45271342556;724048.24;6816841.37;0;0;0;0;1;0
1839;46.3859041090866;3043.83861753465;724090.04;6816821.26;0;0;0;0;1;0
1839;31.0081811782505;3074.8467987129;724114.91;6816802.74;0;0;0;0;1;0
1839;31.0446549345528;3105.89145364745;724139.5;6816783.79;0;0;0;0;1;0
1839;26.5646249740601;3132.45607862151;724161.58;6816769.02;0;0;0;0;1;0
1839;15.7482602212172;3148.20433884273;724172.59;6816757.76;0;0;0;0;1;0
1839;14.2269884372231;3162.43132727995;724182.65;6816747.7;0;0;0;0;1;0
1839;14.2128463016685;3176.64417358162;724192.7;6816737.65;0;0;0;0;1;0
1839;17.3572463254352;3194.00141990706;724206.46;6816727.07;0;0;0;0;1;0
1839;18.2443662537193;3212.24578616078;724222.33;6816718.07;0;0;0;0;1;0
1839;24.8061927755965;3237.05197893637;724242.97;6816704.31;0;0;0;0;1;0
1839;12.8740863753223;3249.92606531169;724255.67;6816702.2;0;0;0;0;1;0
1839;11.2231991873626;3261.14926449906;724266.78;6816700.61;0;0;0;0;1;0
1839;14.9708650384323;3276.12012953749;724281.6;6816702.73;0;0;0;0;1;0
1839;19.7571759115808;3295.87730544907;724301.18;6816705.37;0;0;0;0;1;0
1839;21.5493944230078;3317.42669987208;724320.76;6816714.37;0;0;0;0;1;0
1839;18.7623905728579;3336.18909044494;724332.93;6816728.65;0;0;0;0;1;0
1839;13.7358982229938;3349.92498866793;724339.28;6816740.83;0;0;0;0;1;0
1839;14.2391186524888;3364.16410732042;724342.98;6816754.58;0;0;0;0;1;0
1839;13.272396166002;3377.43650348642;724344.04;6816767.81;0;0;0;0;1;0
1839;13.8007680952763;3391.2372715817;724342.98;6816781.57;0;0;0;0;1;0
1839;13.0896485812494;3404.32692016295;724339.81;6816794.27;0;0;0;0;1;0
1839;15.2377229270472;3419.56464308999;724334.52;6816808.56;0;0;0;0;1;0
1839;23.5057652505615;3443.07040834056;724322.35;6816828.67;0;0;0;0;1;0
1839;44.3500315673934;3487.42043990795;724296.42;6816864.65;0;0;0;0;1;0
1839;34.7205889926693;3522.14102890062;724268.9;6816885.82;0;0;0;0;1;0
1839;34.8493500656851;3556.9903789663;724238.74;6816903.28;0;0;0;0;1;0
1839;30.685064770871;3587.67544373717;724209.1;6816911.22;0;0;0;0;1;0
1839;52.9335857467042;3640.60902948388;724156.19;6816912.8;0;0;0;0;1;0
1839;48.2328529116193;3688.8418823955;724108.03;6816915.45;0;0;0;0;1;0
1839;42.8632768229294;3731.70515921843;724065.17;6816915.98;0;0;0;0;1;0
1839;36.3668049187384;3768.07196413717;724029.19;6816921.27;0;0;0;0;1;0
1839;35.8143337228764;3803.88629786004;723995.32;6816932.91;0;0;0;0;1;0
1839;25.1040574409165;3828.99035530096;723974.68;6816947.2;0;0;0;0;1;0
1839;23.6306855593634;3852.62104086032;723961.45;6816966.78;0;0;0;0;1;0
1839;23.4885099571666;3876.10955081749;723952.46;6816988.48;0;0;0;0;1;0
1839;17.9605122415785;3894.07006305907;723939.76;6817001.18;0;0;0;0;1;0
1839;24.7442619614934;3918.81432502056;723923.35;6817019.7;0;0;0;0;1;0
1839;24.70354225624;3943.5178672768;723906.42;6817037.69;0;0;0;0;1;0
1839;29.0556190772836;3972.57348635408;723901.13;6817066.26;0;0;0;0;1;0
1839;36.0251051353911;4008.59859148948;723899.54;6817102.25;0;0;0;0;1;0
1839;35.0644948629576;4043.66308635243;723902.72;6817137.17;0;0;0;0;1;0
1839;71.616356372277;4115.27944272471;723920.71;6817206.49;0;0;0;0;1;0
1839;26.7975595903424;4142.07700231505;723916.47;6817232.95;0;0;0;0;1;0
1839;27.850619382915;4169.92762169797;723909.6;6817259.94;0;0;0;0;1;0
1839;32.8603621404197;4202.78798383839;723901.13;6817291.69;0;0;0;0;1;0
1839;27.2783027328328;4230.06628657122;723892.66;6817317.62;0;0;0;0;1;0
1839;22.9905567572023;4253.05684332842;723883.67;6817338.78;0;0;0;0;1;0
1839;19.9192093214982;4272.97605264992;723877.85;6817357.83;0;0;0;0;1;0
1839;50.2353431362033;4323.21139578612;723863.56;6817405.99;0;0;0;0;1;0
1839;15.8700000001117;4339.08139578624;723863.56;6817421.86;0;0;0;0;1;0
1839;17.4625656758461;4356.54396146208;723859.32;6817438.8;0;0;0;0;1;0
1839;27.0362072046345;4383.58016866672;723857.74;6817465.79;0;0;0;0;1;0
1839;20.5423367703128;4404.12250543703;723853.5;6817485.89;0;0;0;0;1;0
1839;25.449094286807;4429.57159972384;723851.92;6817511.29;0;0;0;0;1;0
1839;18.0311840986697;4447.60278382251;723850.86;6817529.29;0;0;0;0;1;0
1839;24.0973069030589;4471.70009072556;723847.15;6817553.1;0;0;0;0;1;0
1839;20.7136380200658;4492.41372874563;723845.97;6817573.78;0;0;0;0;1;0
1839;25.7639787301875;4518.17770747582;723841.96;6817599.23;0;0;0;0;1;0
1839;16.1953079620332;4534.37301543785;723846.72;6817614.71;0;0;0;0;1;0
1839;18.3261179741214;4552.69913341197;723845.57;6817633;0;0;0;0;1;0
1839;12.2152118278106;4564.91434523978;723846.62;6817645.17;0;0;0;0;1;0
1839;12.0244833571403;4576.93882859692;723855.93;6817652.78;0;0;0;0;1;0
1839;16.0474702057231;4592.98629880265;723858.31;6817668.65;0;0;0;0;1;0
1839;23.6819340421923;4616.66823284484;723863.87;6817691.67;0;0;0;0;1;0
1839;28.4219862082806;4645.09021905312;723880.54;6817714.69;0;0;0;0;1;0
1839;51.9536302869544;4697.04384934007;723897.2;6817763.9;0;0;0;0;1;0
1839;34.3970478382633;4731.44089717834;723908.32;6817796.45;0;0;0;0;1;0
1839;30.6304178875625;4762.0713150659;723917.05;6817825.81;0;0;0;0;1;0
1839;35.6656978067112;4797.73701287261;723927.37;6817859.95;0;0;0;0;1;0
1839;22.5881495476594;4820.32516242027;723934.51;6817881.38;0;0;0;0;1;0
1839;26.2744781113636;4846.59964053163;723945.62;6817905.19;0;0;0;0;1;0
1839;20.9745083372836;4867.57414886892;723955.94;6817923.45;0;0;0;0;1;0
1839;21.5903126426529;4889.16446151157;723973.4;6817936.15;0;0;0;0;1;0
1839;20.2395775645611;4909.40403907613;723991.66;6817944.88;0;0;0;0;1;0
1839;25.856082456447;4935.26012153258;724016.27;6817952.81;0;0;0;0;1;0
1839;28.496506803618;4963.7566283362;724044.05;6817959.16;0;0;0;0;1;0
1839;22.2340392191526;4985.99066755535;724066.27;6817958.37;0;0;0;0;1;0
1839;21.1817657431681;5007.17243329852;724086.91;6817953.61;0;0;0;0;1;0
1839;17.9056555312567;5025.07808882977;724104.37;6817949.64;0;0;0;0;1;0
1839;15.8463655138425;5040.92445434362;724120.2;6817948.92;0;0;0;0;1;0
1839;23.8140000840438;5064.73845442766;724139.25;6817934.63;0;0;0;0;1;0
1839;23.5057652502024;5088.24421967786;724159.36;6817922.46;0;0;0;0;1;0
1839;25.4924714379688;5113.73669111583;724178.41;6817905.52;0;0;0;0;1;0
1839;25.949414251214;5139.68610536705;724198.52;6817889.12;0;0;0;0;1;0
1839;30.3345100501942;5170.02061541724;724220.75;6817868.48;0;0;0;0;1;0
1839;25.0921362187864;5195.11275163603;724239.27;6817851.55;0;0;0;0;1;0
1839;31.076219203707;5226.18897083973;724262.02;6817830.38;0;0;0;0;1;0
1839;34.065749661675;5260.25472050141;724286.89;6817807.1;0;0;0;0;1;0
1839;37.9450616021628;5298.19978210357;724316;6817782.76;0;0;0;0;1;0
1839;29.5074787129673;5327.70726081654;724340.87;6817766.88;0;0;0;0;1;0
1839;40.3873408384977;5368.09460165504;724378.44;6817752.06;0;0;0;0;1;0
1839;75.6654227503746;5443.76002440541;724450.93;6817730.37;0;0;0;0;1;0
1839;101.01045341942;5544.77047782483;724550.42;6817712.91;0;0;0;0;1;0
1839;51.0692950802159;5595.83977290505;724600.69;6817703.91;0;0;0;0;1;0
1839;42.8731057891761;5638.71287869422;724643.55;6817702.85;0;0;0;0;1;0
1839;33.3442123913149;5672.05709108554;724676.89;6817702.32;0;0;0;0;1;0
1839;22.2452691599335;5694.30236024547;724699.11;6817703.38;0;0;0;0;1;0
1839;23.3442112739167;5717.64657151939;724722.4;6817704.97;0;0;0;0;1;0
1839;25.4277663194599;5743.07433783885;724747.43;6817700.49;0;0;0;0;1;0
1839;38.4785264790467;5781.5528643179;724785.9;6817699.68;0;0;0;0;1;0
1839;48.403456487992;5829.95632080589;724830.25;6817680.29;0;0;0;0;1;0
1839;29.9192329448634;5859.87555375075;724858.03;6817669.18;0;0;0;0;1;0
1839;32.9308517957008;5892.80640554645;724890.5;6817663.69;0;0;0;0;1;0
1839;18.566981445606;5911.37338699206;724909.02;6817662.37;0;0;0;0;1;0
1839;40.3990420678388;5951.7724290599;724949.37;6817664.36;0;0;0;0;1;0
1839;35.3544820355529;5987.12691109545;724984.42;6817668.99;0;0;0;0;1;0
1839;40.9691884224737;6028.09609951792;725023.8;6817680.29;0;0;0;0;1;0
1839;26.9091991704426;6055.00529868837;725048.81;6817690.22;0;0;0;0;1;0
1839;24.7670951062876;6079.77239379465;725069.22;6817704.25;0;0;0;0;1;0
1839;27.4855671216956;6107.25796091635;725092.92;6817718.17;0;0;0;0;1;0
1839;55.1808753100676;6162.43883622642;725127.39;6817761.26;0;0;0;0;1;0
1839;34.6060760563987;6197.04491228282;725150.01;6817787.45;0;0;0;0;1;0
1839;33.7360000594571;6230.78091234227;725170.25;6817814.44;0;0;0;0;1;0
1839;50.2336620203798;6281.01457436265;725205.57;6817850.16;0;0;0;0;1;0
1839;73.2761414103073;6354.29071577296;725259.09;6817900.21;0;0;0;0;1;0
1839;23.1166087480068;6377.40732452097;725274.49;6817917.45;0;0;0;0;1;0
1839;20.2844201295473;6397.69174465051;725284.73;6817934.96;0;0;0;0;1;0
1839;30.2876773625569;6427.97942201307;725304.26;6817958.11;0;0;0;0;1;0
1839;25.8843833227819;6453.86380533585;725321.19;6817977.69;0;0;0;0;1;0
1839;38.8902879904377;6492.75409332629;725353.47;6817999.38;0;0;0;0;1;0
1839;38.6397994304159;6531.39389275671;725388.93;6818014.73;0;0;0;0;1;0
1839;39.6715540404939;6571.0654467972;725427.42;6818024.34;0;0;0;0;1;0
1839;48.1971472184083;6619.26259401561;725473.45;6818038.63;0;0;0;0;1;0
1839;32.1633844612076;6651.42597847682;725505.57;6818040.3;0;0;0;0;1;0
1839;32.9897029390243;6684.41568141584;725538.54;6818039.16;0;0;0;0;1;0
1839;42.5337136869301;6726.94939510277;725581.06;6818038.08;0;0;0;0;1;0
1839;35.9399401779682;6762.88933528074;725616.78;6818034.11;0;0;0;0;1;0
1839;32.1876777665055;6795.07701304725;725648.53;6818028.82;0;0;0;0;1;0
1839;30.800993490585;6825.87800653783;725678.29;6818020.88;0;0;0;0;1;0
1839;32.430766256819;6858.30877279465;725710.04;6818014.27;0;0;0;0;1;0
1839;51.7159491838624;6910.02472197851;725760.19;6818001.64;0;0;0;0;1;0
1839;74.1915857762419;6984.21630775475;725826.86;6817969.09;0;0;0;0;1;0
1839;15.0619288273095;6999.27823658206;725841.15;6817964.33;0;0;0;0;1;0
1839;16.3643637213602;7015.64260030342;725853.85;6817954.01;0;0;0;0;1;0
1839;12.8602488310553;7028.50284913448;725858.87;6817942.17;0;0;0;0;1;0
1839;9.92200080644916;7038.42484994093;725866.81;6817936.22;0;0;0;0;1;0
1839;21.9492505562743;7060.3741004972;725883.41;6817921.86;0;0;0;0;1;0
1839;38.5615728418991;7098.9356733391;725908.48;6817892.56;0;0;0;0;1;0
1839;11.9299371331025;7110.8656104722;725912.45;6817881.31;0;0;0;0;1;0
1839;9.70305106612795;7120.56866153833;725910.79;6817871.75;0;0;0;0;1;0
1839;7.46686011664876;7128.03552165498;725915.01;6817865.59;0;0;0;0;1;0
1839;22.8019735984929;7150.83749525347;725928.93;6817847.53;0;0;0;0;1;0
1839;34.1957965253733;7185.03329177884;725960.68;6817834.83;0;0;0;0;1;0
1839;52.0916768784855;7237.12496865733;726008.36;6817813.85;0;0;0;0;1;0
1839;53.07579956998;7290.20076822731;726060.62;6817804.58;0;0;0;0;1;0
1839;66.2585700117296;7356.45933823904;726125.53;6817817.88;0;0;0;0;1;0
1839;36.8089119641832;7393.26825020322;726160.45;6817829.52;0;0;0;0;1;0
1839;28.4968068387629;7421.76505704199;726186.91;6817840.1;0;0;0;0;1;0
1839;41.7546284859077;7463.51968552789;726222.9;6817861.27;0;0;0;0;1;0
1839;52.5751652403775;7516.09485076827;726256.76;6817901.49;0;0;0;0;1;0
1839;35.5585967097352;7551.65344747801;726277.93;6817930.06;0;0;0;0;1;0
1839;41.6516998452656;7593.30514732327;726296.98;6817967.1;0;0;0;0;1;0
1839;30.3090811478743;7623.61422847115;726309.68;6817994.62;0;0;0;0;1;0
1839;82.8239578866234;7706.43818635777;726346.72;6818068.7;0;0;0;0;1;0
1839;36.1217192277688;7742.55990558554;726365.77;6818099.39;0;0;0;0;1;0
1839;34.5587109134181;7777.11861649896;726388;6818125.85;0;0;0;0;1;0
1839;35.1794769719127;7812.29809347087;726412.34;6818151.25;0;0;0;0;1;0
1839;32.9637452366074;7845.26183870748;726436.68;6818173.48;0;0;0;0;1;0
1839;28.1747280371944;7873.43656674467;726459.96;6818189.35;0;0;0;0;1;0
1839;25.2488910651786;7898.68545780985;726481.13;6818203.11;0;0;0;0;1;0
1839;31.4622519855438;7930.14770979539;726510.76;6818213.69;0;0;0;0;1;0
1839;25.5982890053083;7955.7459988007;726536.16;6818216.87;0;0;0;0;1;0
1839;17.0721410490477;7972.81813984975;726553.1;6818218.99;0;0;0;0;1;0
1839;18.4829245524762;7991.30106440223;726569.02;6818209.6;0;0;0;0;1;0
1839;21.5947238925587;8012.89578829478;726589.66;6818203.25;0;0;0;0;1;0
1839;38.5979649723909;8051.49375326718;726626.01;6818190.27;0;0;0;0;1;0
1839;29.2802493157475;8080.77400258292;726648.28;6818171.26;0;0;0;0;1;0
1839;26.8404415010489;8107.61444408397;726662.41;6818148.44;0;0;0;0;1;0
1839;32.4257567374585;8140.04020082143;726679.25;6818120.73;0;0;0;0;1;0
1839;45.0060551484692;8185.0462559699;726701.52;6818081.62;0;0;0;0;1;0
1839;33.4798222816731;8218.52607825157;726723.8;6818056.63;0;0;0;0;1;0
1839;25.2142063133534;8243.74028456493;726739.01;6818036.52;0;0;0;0;1;0
1839;22.2738636073762;8266.0141481723;726754.76;6818020.77;0;0;0;0;1;0
